iter	Logloss
0	0.6761392475
1	0.6606381455
